[
 {
  "Title": "harry potter and the philosopher's stone",
  "BookID": 30,
  "Author": "J. K. Rowling",
  "Year": "1997",
  "Type": "1"
 },
 {
  "Title": "the hunger games",
  "BookID": 5447,
  "Author": "beni",
  "Year": "2010",
  "Type": "2"
 },
 {
  "Title": "harry potter and the deadly hollows",
  "BookID": 543,
  "Author": "J.K.Rawling",
  "Year": "2010",
  "Type": "3"
 },
 {
  "Title": "alice in wonderland",
  "BookID": 1875,
  "Author": "Lewis Carroll",
  "Year": "1865",
  "Type": "2"
 },
 {
  "Title": "50 shades of gray",
  "BookID": 7647,
  "Author": "E. L. james",
  "Year": "2011",
  "Type": "1"
 }

]