[
 {
  "Name": "beni milchman",
  "CusID": 1,
  "Age": "26",
  "City": "akko",
  "Loaned_books": [
   "alice in wonderland",
   "harry potter and the philosopher's stone"
  ]
 },
 {
  "Name": "alice braverman",
  "CusID": 2,
  "Age": "27",
  "City": "atlit",
  "Loaned_books": [
   "50 shades of gray",
   "the hunger games"
  ]
 },
 {
  "Name": "rachel",
  "CusID": 7141,
  "Age": "33",
  "City": "ofakim",
  "Loaned_books": [
   "alice in wonderland"
  ]
 },

 {
  "Name": "yuval maman",
  "CusID": 2888,
  "Age": "33",
  "City": "mi shemakir makir",
  "Loaned_books": []
 }
]